"URL","Page Title","Title Length (Chars)","Meta Description","Description Length (Chars)","Primary H1 Tag","Robots Directive","Canonical URL Tag"
"https://www.chennairents.in/","Chennai Rents: The Locality-First Rental & Home Guide for Chennai","64","Real rent rates, water reality, flood history, crowdsourced map, and verified direct owner listings in Chennai. Neighborhood by neighborhood.","138","Rent Transparently Across Chennai","index, follow, max-snippet:-1, max-image-preview:large, max-video-preview:-1","https://www.chennairents.in/"
"https://www.chennairents.in/about/","About Chennai Rents: Why We Built an Honest Rental Guide","55","Learn why Chennai Rents was founded: to replace spammy listing portals with honest locality rental intelligence and verified listings in Chennai.","139","Why We Built Chennai Rents","index, follow","https://www.chennairents.in/about/"
"https://www.chennairents.in/methodology/","Research Methodology & Data Verification | Chennai Rents","55","How Chennai Rents collects empirical rental rates, evaluates ground-level water resilience, and verifies direct owner listings in Chennai.","132","Research Methodology & Verification Standards","index, follow","https://www.chennairents.in/methodology/"
"https://www.chennairents.in/verification/","Listing Verification Policy & Anti-Fraud Standards | Chennai Rents","65","Chennai Rents 4-step verification framework: owner property tax and EB bill matching, zero fake listings, and reporting mechanisms.","127","Listing Verification Framework","index, follow","https://www.chennairents.in/verification/"
"https://www.chennairents.in/corrections/","Editorial Corrections & Fact-Checking Policy | Chennai Rents","60","Chennai Rents policy for editorial corrections, empirical data updates, and 48-hour revision turnarounds.","108","Editorial Corrections & Fact-Checking Policy","index, follow","https://www.chennairents.in/corrections/"
"https://www.chennairents.in/contact/","Contact Editorial & Trust Desk | Chennai Rents","45","Reach the Chennai Rents editorial desk, submit locality research corrections, or report listing fraud directly.","111","Contact Editorial & Verification Desk","index, follow","https://www.chennairents.in/contact/"
"https://www.chennairents.in/privacy/","Privacy Policy | Chennai Rents","30","Privacy policy and data governance practices of Chennai Rents under the Digital Personal Data Protection Act 2023.","110","Privacy Policy & Data Protection","index, follow","https://www.chennairents.in/privacy/"
"https://www.chennairents.in/data-deletion/","Data Deletion & Listing Removal Request | Chennai Rents","55","Submit a request to delete your personal data or remove a verified property listing from Chennai Rents.","104","Data Deletion & Listing Removal Request","index, follow","https://www.chennairents.in/data-deletion/"
"https://www.chennairents.in/chennai/rentals/","Flats & Houses for Rent in Chennai | Chennai Rents","49","Find flats, houses, and PG for rent in Chennai. Explore locality-by-locality rent guides, real rent rates, water reports, and flood history. Verified direct listings.","166","Flats & Houses for Rent in Chennai","index, follow","https://www.chennairents.in/chennai/rentals/"
"https://www.chennairents.in/chennai/1-bhk-for-rent/","1 BHK Flats for Rent in Chennai | Chennai Rents","46","Browse 1 BHK flats and apartments for rent in Chennai. Honest rent rates across all localities, water supply ratings, and direct owner listings.","142","1 BHK Flats for Rent in Chennai","index, follow","https://www.chennairents.in/chennai/1-bhk-for-rent/"
"https://www.chennairents.in/chennai/2-bhk-for-rent/","2 BHK Flats for Rent in Chennai | Chennai Rents","46","Browse 2 BHK flats and apartments for rent in Chennai. Honest rent rates across all localities, water supply ratings, and direct owner listings.","142","2 BHK Flats for Rent in Chennai","index, follow","https://www.chennairents.in/chennai/2-bhk-for-rent/"
"https://www.chennairents.in/chennai/3-bhk-for-rent/","3 BHK Flats for Rent in Chennai | Chennai Rents","46","Browse 3 BHK flats and apartments for rent in Chennai. Honest rent rates across all localities, water supply ratings, and direct owner listings.","142","3 BHK Flats for Rent in Chennai","index, follow","https://www.chennairents.in/chennai/3-bhk-for-rent/"
"https://www.chennairents.in/chennai/pg/","PG & Hostel for Rent in Chennai | Chennai Rents","46","Find PG accommodations and paying guest rooms in Chennai. Locality-by-locality rent ranges, food, amenities, and connectivity.","125","PG & Hostel for Rent in Chennai","index, follow","https://www.chennairents.in/chennai/pg/"
"https://www.chennairents.in/house-for-rent-in-chennai/","Houses for Rent in Chennai: Locality, Budget & BHK Guide | Chennai Rents","72","Find houses for rent in Chennai. Practical guide covering 1-3 BHK flats, independent houses, budgets from ₹5,000 to ₹30,000+, water checks, and no-broker owner listings.","169","Houses for Rent in Chennai: Find by BHK, Budget and Locality","index, follow","https://www.chennairents.in/house-for-rent-in-chennai/"
"https://www.chennairents.in/author/vijayrajkumar/","R Vijayrajkumar: Founder & Lead Editor | Chennai Rents","56","Author profile of R Vijayrajkumar, Founder and Lead Editorial Reviewer of Chennai Rents.","88","R Vijayrajkumar","index, follow","https://www.chennairents.in/author/vijayrajkumar/"
"https://www.chennairents.in/1-bhk-house-for-rent-in-chennai/","1 BHK Houses for Rent in Chennai: Prices & Localities | Chennai Rents","69","Explore verified 1 BHK houses and flats for rent in Chennai. Typical rent benchmarks, bachelor vs family suitability, water reality, and top localities.","152","1 BHK Houses for Rent in Chennai","index, follow","https://www.chennairents.in/1-bhk-house-for-rent-in-chennai/"
"https://www.chennairents.in/2-bhk-house-for-rent-in-chennai/","2 BHK Houses for Rent in Chennai: Rates & Top Neighborhoods | Chennai Rents","75","Find 2 BHK apartments and independent houses for rent in Chennai. Neighborhood price comparisons, parking norms, and verified direct owner listings.","148","2 BHK Houses for Rent in Chennai","index, follow","https://www.chennairents.in/2-bhk-house-for-rent-in-chennai/"
"https://www.chennairents.in/independent-house-for-rent-in-chennai/","Independent Houses for Rent in Chennai: Standalone Homes & Portions | Chennai Rents","83","Discover independent houses and private floor portions for rent in Chennai. Enjoy private parking, terrace access, and zero monthly apartment maintenance fees.","159","Independent Houses for Rent in Chennai","index, follow","https://www.chennairents.in/independent-house-for-rent-in-chennai/"
"https://www.chennairents.in/house-for-rent-in-chennai-under-10000/","House for Rent in Chennai Below 10000: Real Options & Localities | Chennai Rents","80","Looking for a rental house in Chennai under ₹10,000? Check realistic 1 BHK portions and compact flats in Porur, Medavakkam, Chromepet, and suburban belts.","154","House for Rent in Chennai Below ₹10,000","index, follow","https://www.chennairents.in/house-for-rent-in-chennai-under-10000/"
"https://www.chennairents.in/house-for-rent-in-chennai-under-7000/","House for Rent in Chennai Below 7000: Budget Rental Guide | Chennai Rents","73","Realistic guide to finding homes in Chennai under ₹7,000. Compact 1 RKs, student rooms, and suburban independent portions with transparent utility checks.","154","House for Rent in Chennai Below ₹7,000","index, follow","https://www.chennairents.in/house-for-rent-in-chennai-under-7000/"
"https://www.chennairents.in/house-for-rent-in-chennai-under-5000/","Rent House in Chennai Below 5000: Honest Suburban & Room Guide | Chennai Rents","78","Honest facts about renting in Chennai below ₹5,000. Shared rooms, bachelor PGs, and suburban portions in Avadi, Guduvanchery, and outer transit rings.","150","House for Rent in Chennai Below ₹5,000","index, follow","https://www.chennairents.in/house-for-rent-in-chennai-under-5000/"
"https://www.chennairents.in/individual-house-for-rent-in-chennai-under-8000/","Individual House for Rent in Chennai Below 8000 | Chennai Rents","63","Find affordable individual house portions for rent in Chennai under ₹8,000. Ground floor portions, terrace rooms, and quiet residential cross-streets.","150","Individual House for Rent in Chennai Below ₹8,000","index, follow","https://www.chennairents.in/individual-house-for-rent-in-chennai-under-8000/"
"https://www.chennairents.in/house-for-rent-in-chennai-without-brokers/","House for Rent in Chennai Without Brokers: 100% Direct Owner Homes | Chennai Rents","82","Skip real estate agent commissions. How to connect directly with genuine Chennai home owners, verify documents, and negotiate rental advances safely.","149","House for Rent in Chennai Without Brokers","index, follow","https://www.chennairents.in/house-for-rent-in-chennai-without-brokers/"
"https://www.chennairents.in/bachelor-rentals-in-chennai/","Bachelor House for Rent in Chennai: Welcoming Flats & Rooms | Chennai Rents","75","Find bachelor-friendly rental homes in Chennai. Avoid society restrictions with verified flats, shared apartments, and independent portions near IT parks.","154","Bachelor House for Rent in Chennai","index, follow","https://www.chennairents.in/bachelor-rentals-in-chennai/"
"https://www.chennairents.in/family-houses-for-rent-in-chennai/","Family Houses for Rent in Chennai: Peaceful & Secure Residential Flats | Chennai Rents","86","Peaceful residential homes for families in Chennai. Focus on top schools, 24/7 security, metro water supply, car parking, and active community welfare.","151","Family Houses for Rent in Chennai","index, follow","https://www.chennairents.in/family-houses-for-rent-in-chennai/"
"https://www.chennairents.in/co-living-in-chennai/","Co-Living Spaces in Chennai: Fully Furnished Rooms & Low Deposit | Chennai Rents","80","Compare co-living spaces and premium PGs in Chennai. Fully furnished rooms with Wi-Fi, food, housekeeping, and minimal 1–2 month security advance.","146","Co-Living Spaces in Chennai","index, follow","https://www.chennairents.in/co-living-in-chennai/"
"https://www.chennairents.in/house-for-rent-in-anna-nagar-chennai/","House for Rent in Anna Nagar, Chennai: Premium West Hub Rentals | Chennai Rents","79","Explore rental houses in Anna Nagar, Chennai. Tree-lined avenues, excellent Metro connectivity, top schools, and premium 2 & 3 BHK apartments.","142","House for Rent in Anna Nagar, Chennai","index, follow","https://www.chennairents.in/house-for-rent-in-anna-nagar-chennai/"
"https://www.chennairents.in/house-for-rent-in-porur-chennai/","House for Rent in Porur, Chennai: DLF IT Park Hub & West Living | Chennai Rents","79","Find houses for rent in Porur, Chennai. 5-minute access to DLF Cybercity and L&T Infotech, affordable 1-3 BHK flats, and upcoming Metro line.","141","House for Rent in Porur, Chennai","index, follow","https://www.chennairents.in/house-for-rent-in-porur-chennai/"
"https://www.chennairents.in/house-for-rent-in-t-nagar-chennai/","House for Rent in T. Nagar, Chennai: Central Shopping Hub Rentals | Chennai Rents","81","Find houses for rent in T. Nagar, Chennai. Central connectivity, suburban trains at Mambalam, and quiet residential cross-streets behind Usman Road.","148","House for Rent in T. Nagar, Chennai","index, follow","https://www.chennairents.in/house-for-rent-in-t-nagar-chennai/"
"https://www.chennairents.in/chennai/velachery/","Flats for Rent in Velachery, Chennai | Chennai Rents","52","Find flats for rent in Velachery, Chennai. Real rent rates, water reports, flood check, owner contact. No brokerage.","116","Flats for Rent in Velachery, Chennai","index, follow","https://www.chennairents.in/chennai/velachery/"
"https://www.chennairents.in/chennai/taramani/","Flats for Rent in Taramani, Chennai | Chennai Rents","51","Find flats for rent in Taramani, Chennai. Real rent rates, water reports, flood check, owner contact. No brokerage.","115","Flats for Rent in Taramani, Chennai","index, follow","https://www.chennairents.in/chennai/taramani/"
"https://www.chennairents.in/chennai/sholinganallur/","Flats for Rent in Sholinganallur, Chennai | Chennai Rents","57","Find flats for rent in Sholinganallur, Chennai. Real rent rates, water reports, flood check, owner contact. No brokerage.","121","Flats for Rent in Sholinganallur, Chennai","index, follow","https://www.chennairents.in/chennai/sholinganallur/"
"https://www.chennairents.in/chennai/thoraipakkam/","Flats for Rent in Thoraipakkam, Chennai | Chennai Rents","55","Find flats for rent in Thoraipakkam, Chennai. Real rent rates, water reports, flood check, owner contact. No brokerage.","119","Flats for Rent in Thoraipakkam, Chennai","index, follow","https://www.chennairents.in/chennai/thoraipakkam/"
"https://www.chennairents.in/chennai/perungudi/","Flats for Rent in Perungudi, Chennai | Chennai Rents","52","Find flats for rent in Perungudi, Chennai. Real rent rates, water reports, flood check, owner contact. No brokerage.","116","Flats for Rent in Perungudi, Chennai","index, follow","https://www.chennairents.in/chennai/perungudi/"
"https://www.chennairents.in/chennai/adyar/","Flats for Rent in Adyar, Chennai | Chennai Rents","48","Find flats for rent in Adyar, Chennai. Real rent rates, water reports, flood check, owner contact. No brokerage.","112","Flats for Rent in Adyar, Chennai","index, follow","https://www.chennairents.in/chennai/adyar/"
"https://www.chennairents.in/chennai/t-nagar/","Flats for Rent in T. Nagar, Chennai | Chennai Rents","51","Find flats for rent in T. Nagar, Chennai. Real rent rates, water reports, flood check, owner contact. No brokerage.","115","Flats for Rent in T. Nagar, Chennai","index, follow","https://www.chennairents.in/chennai/t-nagar/"
"https://www.chennairents.in/chennai/nungambakkam/","Flats for Rent in Nungambakkam, Chennai | Chennai Rents","55","Find flats for rent in Nungambakkam, Chennai. Real rent rates, water reports, flood check, owner contact. No brokerage.","119","Flats for Rent in Nungambakkam, Chennai","index, follow","https://www.chennairents.in/chennai/nungambakkam/"
"https://www.chennairents.in/chennai/valasaravakkam/","Flats for Rent in Valasaravakkam, Chennai | Chennai Rents","57","Find flats for rent in Valasaravakkam, Chennai. Real rent rates, water reports, flood check, owner contact. No brokerage.","121","Flats for Rent in Valasaravakkam, Chennai","index, follow","https://www.chennairents.in/chennai/valasaravakkam/"
"https://www.chennairents.in/chennai/porur/","Flats for Rent in Porur, Chennai | Chennai Rents","48","Find flats for rent in Porur, Chennai. Real rent rates, water reports, flood check, owner contact. No brokerage.","112","Flats for Rent in Porur, Chennai","index, follow","https://www.chennairents.in/chennai/porur/"
"https://www.chennairents.in/chennai/medavakkam/","Flats for Rent in Medavakkam, Chennai | Chennai Rents","53","Find flats for rent in Medavakkam, Chennai. Real rent rates, water reports, flood check, owner contact. No brokerage.","117","Flats for Rent in Medavakkam, Chennai","index, follow","https://www.chennairents.in/chennai/medavakkam/"
"https://www.chennairents.in/chennai/anna-nagar/","Flats for Rent in Anna Nagar, Chennai | Chennai Rents","53","Find flats for rent in Anna Nagar, Chennai. Real rent rates, water reports, flood check, owner contact. No brokerage.","117","Flats for Rent in Anna Nagar, Chennai","index, follow","https://www.chennairents.in/chennai/anna-nagar/"
"https://www.chennairents.in/guides/advance-deposit-chennai/","Advance Deposit in Chennai: 10 Months Norm, Negotiation & Your Rights | Chennai Rents","85","The biggest shock for anyone moving to Chennai from Bangalore, Hyderabad, or Mumbai is the advance deposit. While landlords start the conversation at 10 months, almost nobody actually pays 10 months anymore.","207","Advance Deposit in Chennai: 10 Months Norm, Negotiation & Your Rights","index, follow","https://www.chennairents.in/guides/advance-deposit-chennai/"
"https://www.chennairents.in/guides/tenant-rules-chennai/","Rental Agreement & Tenant Rules in Chennai: What You Must Sign & What to Refuse | Chennai Rents","95","Signing a rental agreement in Chennai is often treated like a formality on a ₹100 stamp paper. Here are the 5 clauses you must review before signing.","149","Rental Agreement & Tenant Rules in Chennai: What You Must Sign & What to Refuse","index, follow","https://www.chennairents.in/guides/tenant-rules-chennai/"