"URL","Primary Search Intent","Target Keywords","Page Type","Indexation Directive","Canonical URL"
"https://www.chennairents.in/","Brand & Comprehensive City Rental Discovery","chennai rents, houses for rent chennai, rent house in chennai","Homepage","index, follow","https://www.chennairents.in/"
"https://www.chennairents.in/about/","Company Background, Founder Vision & Value Proposition","about chennai rents, transparent rental chennai","Informational / About","index, follow","https://www.chennairents.in/about/"
"https://www.chennairents.in/methodology/","Data Authenticity, Empirical Pricing & Water Resilience Audits","rental rate methodology chennai, chennai water supply scoring","E-E-A-T Trust","index, follow","https://www.chennairents.in/methodology/"
"https://www.chennairents.in/verification/","Listing Integrity, Anti-Fraud & Physical Verification Rules","verified rental listings chennai, direct owner verification chennai","E-E-A-T Trust","index, follow","https://www.chennairents.in/verification/"
"https://www.chennairents.in/corrections/","Fact-Checking Protocols & Public Community Revision Log","chennai rents corrections policy, editorial standards","E-E-A-T Trust","index, follow","https://www.chennairents.in/corrections/"
"https://www.chennairents.in/contact/","Editorial Inquiries, Listing Verification & Support Desk","contact chennai rents, report rental fraud chennai","Contact","index, follow","https://www.chennairents.in/contact/"
"https://www.chennairents.in/privacy/","Data Protection, DPDP Act 2023 & Consent Governance","chennai rents privacy policy, data privacy india","Legal / Privacy","index, follow","https://www.chennairents.in/privacy/"
"https://www.chennairents.in/data-deletion/","User Data Erasure & Listing Removal Self-Service Protocol","delete property listing chennai, data removal chennai rents","Legal / Self-Service","index, follow","https://www.chennairents.in/data-deletion/"
"https://www.chennairents.in/listings/","Interactive Spatial Rental Map & Filter Search Application","chennai rental map, houses for rent map chennai","Web Application / Map","index, follow","https://www.chennairents.in/listings/"
"https://www.chennairents.in/chennai/rentals/","City-Wide Rental Property Directory & Locality Comparison","flats for rent in chennai, houses for rent in chennai","City Directory Hub","index, follow","https://www.chennairents.in/chennai/rentals/"
"https://www.chennairents.in/chennai/1-bhk-for-rent/","City-Level 1 BHK Budget Property Search","1 bhk for rent in chennai, 1 bhk flat chennai","BHK Category Hub","index, follow","https://www.chennairents.in/chennai/1-bhk-for-rent/"
"https://www.chennairents.in/chennai/2-bhk-for-rent/","City-Level 2 BHK Family Property Search","2 bhk for rent in chennai, 2 bhk flat chennai","BHK Category Hub","index, follow","https://www.chennairents.in/chennai/2-bhk-for-rent/"
"https://www.chennairents.in/chennai/3-bhk-for-rent/","City-Level 3 BHK Luxury/Spacious Property Search","3 bhk for rent in chennai, 3 bhk flat chennai","BHK Category Hub","index, follow","https://www.chennairents.in/chennai/3-bhk-for-rent/"
"https://www.chennairents.in/chennai/pg/","Paying Guest & Student / Single Professional Accommodation","pg in chennai, paying guest accommodation chennai","Specialty Housing Hub","index, follow","https://www.chennairents.in/chennai/pg/"
"https://www.chennairents.in/house-for-rent-in-chennai/","Master Rental Pillar Guide, Legal Rights, Advance & Water","house for rents in chennai, house for rent in chennai","Editorial Pillar Hub","index, follow","https://www.chennairents.in/house-for-rent-in-chennai/"
"https://www.chennairents.in/author/vijayrajkumar/","E-E-A-T Author Identity, Editorial Authority & Background","r vijayrajkumar, vijayrajkumar chennai rents founder","Author Profile","index, follow","https://www.chennairents.in/author/vijayrajkumar/"
"https://www.chennairents.in/1-bhk-house-for-rent-in-chennai/","Targeted Guide: 1 BHK Houses for Rent in Chennai","1 bhk house for rent in chennai","Supporting Editorial Guide","index, follow","https://www.chennairents.in/1-bhk-house-for-rent-in-chennai/"
"https://www.chennairents.in/2-bhk-house-for-rent-in-chennai/","Targeted Guide: 2 BHK Houses for Rent in Chennai","2 bhk house for rent in chennai","Supporting Editorial Guide","index, follow","https://www.chennairents.in/2-bhk-house-for-rent-in-chennai/"
"https://www.chennairents.in/independent-house-for-rent-in-chennai/","Targeted Guide: Independent Houses for Rent in Chennai","independent house for rent in chennai","Supporting Editorial Guide","index, follow","https://www.chennairents.in/independent-house-for-rent-in-chennai/"
"https://www.chennairents.in/house-for-rent-in-chennai-under-10000/","Targeted Guide: House for Rent in Chennai Below ₹10,000","house for rent in chennai under 10000","Supporting Editorial Guide","index, follow","https://www.chennairents.in/house-for-rent-in-chennai-under-10000/"
"https://www.chennairents.in/house-for-rent-in-chennai-under-7000/","Targeted Guide: House for Rent in Chennai Below ₹7,000","house for rent in chennai under 7000","Supporting Editorial Guide","index, follow","https://www.chennairents.in/house-for-rent-in-chennai-under-7000/"
"https://www.chennairents.in/house-for-rent-in-chennai-under-5000/","Targeted Guide: House for Rent in Chennai Below ₹5,000","house for rent in chennai under 5000","Supporting Editorial Guide","index, follow","https://www.chennairents.in/house-for-rent-in-chennai-under-5000/"
"https://www.chennairents.in/individual-house-for-rent-in-chennai-under-8000/","Targeted Guide: Individual House for Rent in Chennai Below ₹8,000","individual house for rent in chennai under 8000","Supporting Editorial Guide","index, follow","https://www.chennairents.in/individual-house-for-rent-in-chennai-under-8000/"
"https://www.chennairents.in/house-for-rent-in-chennai-without-brokers/","Targeted Guide: House for Rent in Chennai Without Brokers","house for rent in chennai without brokers","Supporting Editorial Guide","index, follow","https://www.chennairents.in/house-for-rent-in-chennai-without-brokers/"
"https://www.chennairents.in/bachelor-rentals-in-chennai/","Targeted Guide: Bachelor House for Rent in Chennai","bachelor rentals in chennai","Supporting Editorial Guide","index, follow","https://www.chennairents.in/bachelor-rentals-in-chennai/"
"https://www.chennairents.in/family-houses-for-rent-in-chennai/","Targeted Guide: Family Houses for Rent in Chennai","family houses for rent in chennai","Supporting Editorial Guide","index, follow","https://www.chennairents.in/family-houses-for-rent-in-chennai/"
"https://www.chennairents.in/co-living-in-chennai/","Targeted Guide: Co-Living Spaces in Chennai","co living in chennai","Supporting Editorial Guide","index, follow","https://www.chennairents.in/co-living-in-chennai/"
"https://www.chennairents.in/house-for-rent-in-anna-nagar-chennai/","Targeted Guide: House for Rent in Anna Nagar, Chennai","house for rent in anna nagar chennai","Supporting Editorial Guide","index, follow","https://www.chennairents.in/house-for-rent-in-anna-nagar-chennai/"
"https://www.chennairents.in/house-for-rent-in-porur-chennai/","Targeted Guide: House for Rent in Porur, Chennai","house for rent in porur chennai","Supporting Editorial Guide","index, follow","https://www.chennairents.in/house-for-rent-in-porur-chennai/"
"https://www.chennairents.in/house-for-rent-in-t-nagar-chennai/","Targeted Guide: House for Rent in T. Nagar, Chennai","house for rent in t nagar chennai","Supporting Editorial Guide","index, follow","https://www.chennairents.in/house-for-rent-in-t-nagar-chennai/"
"https://www.chennairents.in/chennai/velachery/","Hyperlocal Neighborhood Intelligence & Flats for Rent in Velachery","flats for rent in velachery chennai, rent in velachery","Locality Authority Hub","index, follow","https://www.chennairents.in/chennai/velachery/"
"https://www.chennairents.in/chennai/taramani/","Hyperlocal Neighborhood Intelligence & Flats for Rent in Taramani","flats for rent in taramani chennai, rent in taramani","Locality Authority Hub","index, follow","https://www.chennairents.in/chennai/taramani/"
"https://www.chennairents.in/chennai/sholinganallur/","Hyperlocal Neighborhood Intelligence & Flats for Rent in Sholinganallur","flats for rent in sholinganallur chennai, rent in sholinganallur","Locality Authority Hub","index, follow","https://www.chennairents.in/chennai/sholinganallur/"
"https://www.chennairents.in/chennai/thoraipakkam/","Hyperlocal Neighborhood Intelligence & Flats for Rent in Thoraipakkam","flats for rent in thoraipakkam chennai, rent in thoraipakkam","Locality Authority Hub","index, follow","https://www.chennairents.in/chennai/thoraipakkam/"
"https://www.chennairents.in/chennai/perungudi/","Hyperlocal Neighborhood Intelligence & Flats for Rent in Perungudi","flats for rent in perungudi chennai, rent in perungudi","Locality Authority Hub","index, follow","https://www.chennairents.in/chennai/perungudi/"
"https://www.chennairents.in/chennai/adyar/","Hyperlocal Neighborhood Intelligence & Flats for Rent in Adyar","flats for rent in adyar chennai, rent in adyar","Locality Authority Hub","index, follow","https://www.chennairents.in/chennai/adyar/"
"https://www.chennairents.in/chennai/t-nagar/","Hyperlocal Neighborhood Intelligence & Flats for Rent in T. Nagar","flats for rent in t. nagar chennai, rent in t. nagar","Locality Authority Hub","index, follow","https://www.chennairents.in/chennai/t-nagar/"
"https://www.chennairents.in/chennai/nungambakkam/","Hyperlocal Neighborhood Intelligence & Flats for Rent in Nungambakkam","flats for rent in nungambakkam chennai, rent in nungambakkam","Locality Authority Hub","index, follow","https://www.chennairents.in/chennai/nungambakkam/"
"https://www.chennairents.in/chennai/valasaravakkam/","Hyperlocal Neighborhood Intelligence & Flats for Rent in Valasaravakkam","flats for rent in valasaravakkam chennai, rent in valasaravakkam","Locality Authority Hub","index, follow","https://www.chennairents.in/chennai/valasaravakkam/"
"https://www.chennairents.in/chennai/porur/","Hyperlocal Neighborhood Intelligence & Flats for Rent in Porur","flats for rent in porur chennai, rent in porur","Locality Authority Hub","index, follow","https://www.chennairents.in/chennai/porur/"
"https://www.chennairents.in/chennai/medavakkam/","Hyperlocal Neighborhood Intelligence & Flats for Rent in Medavakkam","flats for rent in medavakkam chennai, rent in medavakkam","Locality Authority Hub","index, follow","https://www.chennairents.in/chennai/medavakkam/"
"https://www.chennairents.in/chennai/anna-nagar/","Hyperlocal Neighborhood Intelligence & Flats for Rent in Anna Nagar","flats for rent in anna nagar chennai, rent in anna nagar","Locality Authority Hub","index, follow","https://www.chennairents.in/chennai/anna-nagar/"
"https://www.chennairents.in/chennai/omr/","Hyperlocal Neighborhood Intelligence & Flats for Rent in OMR (Old Mahabalipuram Road)","flats for rent in omr (old mahabalipuram road) chennai, rent in omr (old mahabalipuram road)","Locality Authority Hub","index, follow","https://www.chennairents.in/chennai/omr/"
"https://www.chennairents.in/chennai/tambaram/","Hyperlocal Neighborhood Intelligence & Flats for Rent in Tambaram","flats for rent in tambaram chennai, rent in tambaram","Locality Authority Hub","index, follow","https://www.chennairents.in/chennai/tambaram/"
"https://www.chennairents.in/chennai/chromepet/","Hyperlocal Neighborhood Intelligence & Flats for Rent in Chromepet","flats for rent in chromepet chennai, rent in chromepet","Locality Authority Hub","index, follow","https://www.chennairents.in/chennai/chromepet/"
"https://www.chennairents.in/chennai/thiruvanmiyur/","Hyperlocal Neighborhood Intelligence & Flats for Rent in Thiruvanmiyur","flats for rent in thiruvanmiyur chennai, rent in thiruvanmiyur","Locality Authority Hub","index, follow","https://www.chennairents.in/chennai/thiruvanmiyur/"
"https://www.chennairents.in/guides/advance-deposit-chennai/","Legal & Practical Rental Advisory: Advance Deposit in Chennai: 10 Months Norm, Negotiation & Your Rights","advance deposit chennai","Rental Advisory Guide","index, follow","https://www.chennairents.in/guides/advance-deposit-chennai/"
"https://www.chennairents.in/guides/tenant-rules-chennai/","Legal & Practical Rental Advisory: Rental Agreement & Tenant Rules in Chennai: What You Must Sign & What to Refuse","tenant rules chennai","Rental Advisory Guide","index, follow","https://www.chennairents.in/guides/tenant-rules-chennai/"
"https://www.chennairents.in/guides/how-to-write-rental-listing/","Legal & Practical Rental Advisory: How to Write a Chennai Rental Listing That Attracts Serious Tenants","how to write rental listing","Rental Advisory Guide","index, follow","https://www.chennairents.in/guides/how-to-write-rental-listing/"
"https://www.chennairents.in/guides/checklist-rental-advance/","Legal & Practical Rental Advisory: Checklist Before Paying Rental Advance in Chennai: 10 Critical Checks","checklist rental advance","Rental Advisory Guide","index, follow","https://www.chennairents.in/guides/checklist-rental-advance/"
"https://www.chennairents.in/guides/how-to-list-flat-directly/","Legal & Practical Rental Advisory: How to List a Flat Directly Without a Broker in Chennai","how to list flat directly","Rental Advisory Guide","index, follow","https://www.chennairents.in/guides/how-to-list-flat-directly/"
"https://www.chennairents.in/guides/how-to-negotiate-rent/","Legal & Practical Rental Advisory: How to Negotiate Rent in Chennai Using Local Locality Data","how to negotiate rent","Rental Advisory Guide","index, follow","https://www.chennairents.in/guides/how-to-negotiate-rent/"
"https://www.chennairents.in/guides/how-to-price-flat-fairly/","Legal & Practical Rental Advisory: How to Price a Chennai Property Fairly for Rent: Landlord Valuation Guide","how to price flat fairly","Rental Advisory Guide","index, follow","https://www.chennairents.in/guides/how-to-price-flat-fairly/"
"https://www.chennairents.in/guides/best-chennai-areas/","Legal & Practical Rental Advisory: Best Chennai Areas for Bachelors, Families, and IT Workers: 2026 Edition","best chennai areas","Rental Advisory Guide","index, follow","https://www.chennairents.in/guides/best-chennai-areas/"
"https://www.chennairents.in/guides/broker-fee-vs-direct-owner/","Legal & Practical Rental Advisory: Broker Fees vs Direct-Owner Rentals in Chennai: Real Cost Comparison","broker fee vs direct owner","Rental Advisory Guide","index, follow","https://www.chennairents.in/guides/broker-fee-vs-direct-owner/"
"https://www.chennairents.in/guides/cost-of-living-chennai-2026/","Legal & Practical Rental Advisory: Cost of Living in Chennai 2026: Rent, Utilities, Food & Commute","cost of living chennai 2026","Rental Advisory Guide","index, follow","https://www.chennairents.in/guides/cost-of-living-chennai-2026/"
"https://www.chennairents.in/guides/no-deposit-flats-chennai/","Legal & Practical Rental Advisory: Low Deposit & Zero Brokerage Flats in Chennai: What You Must Know","no deposit flats chennai","Rental Advisory Guide","index, follow","https://www.chennairents.in/guides/no-deposit-flats-chennai/"