"Legacy / Incoming URL","Destination URL","HTTP Status","Category / Reason","Verified Working"
"/flats-for-rent-in-adambakkam-chennai","/chennai/velachery/","301 Permanent Redirect","Confirmed Internal 404 Resolution","Yes (Tested in Vercel & React Router)"
"/flats-for-rent-in-besant-nagar-chennai","/chennai/adyar/","301 Permanent Redirect","Confirmed Internal 404 Resolution","Yes (Tested in Vercel & React Router)"
"/flats-for-rent-in-egmore-chennai","/chennai/rentals/","301 Permanent Redirect","Confirmed Internal 404 Resolution","Yes (Tested in Vercel & React Router)"
"/flats-for-rent-in-kodambakkam-chennai","/chennai/t-nagar/","301 Permanent Redirect","Confirmed Internal 404 Resolution","Yes (Tested in Vercel & React Router)"
"/flats-for-rent-in-mogappair-chennai","/chennai/anna-nagar/","301 Permanent Redirect","Confirmed Internal 404 Resolution","Yes (Tested in Vercel & React Router)"
"/flats-for-rent-in-mylapore-chennai","/chennai/adyar/","301 Permanent Redirect","Confirmed Internal 404 Resolution","Yes (Tested in Vercel & React Router)"
"/flats-for-rent-in-pallikaranai-chennai","/chennai/medavakkam/","301 Permanent Redirect","Confirmed Internal 404 Resolution","Yes (Tested in Vercel & React Router)"
"/flats-for-rent-in-vadapalani-chennai","/chennai/valasaravakkam/","301 Permanent Redirect","Confirmed Internal 404 Resolution","Yes (Tested in Vercel & React Router)"
"/flats-for-rent-in-virugambakkam-chennai","/chennai/valasaravakkam/","301 Permanent Redirect","Confirmed Internal 404 Resolution","Yes (Tested in Vercel & React Router)"
"/rent/rent-in-valasaravakkam","/chennai/valasaravakkam/","301 Permanent Redirect","Confirmed Internal 404 Resolution","Yes (Tested in Vercel & React Router)"
"/rent/rent-in-velachery","/chennai/velachery/","301 Permanent Redirect","Confirmed Internal 404 Resolution","Yes (Tested in Vercel & React Router)"
"/rent-in-velachery","/chennai/velachery/","301 Permanent Redirect","Legacy Slug Cleanup","Yes (Tested in Vercel & React Router)"
"/rent-in-adyar","/chennai/adyar/","301 Permanent Redirect","Legacy Slug Cleanup","Yes (Tested in Vercel & React Router)"
"/rent-in-valasaravakkam","/chennai/valasaravakkam/","301 Permanent Redirect","Legacy Slug Cleanup","Yes (Tested in Vercel & React Router)"
"/rent-in-omr","/chennai/omr/","301 Permanent Redirect","Legacy Slug Cleanup","Yes (Tested in Vercel & React Router)"
"/rent-in-porur","/chennai/porur/","301 Permanent Redirect","Legacy Slug Cleanup","Yes (Tested in Vercel & React Router)"
"/rent-in-sholinganallur","/chennai/sholinganallur/","301 Permanent Redirect","Legacy Slug Cleanup","Yes (Tested in Vercel & React Router)"
"/rent-in-taramani","/chennai/taramani/","301 Permanent Redirect","Legacy Slug Cleanup","Yes (Tested in Vercel & React Router)"
"/rent-in-medavakkam","/chennai/medavakkam/","301 Permanent Redirect","Legacy Slug Cleanup","Yes (Tested in Vercel & React Router)"
"/rent-in-nungambakkam","/chennai/nungambakkam/","301 Permanent Redirect","Legacy Slug Cleanup","Yes (Tested in Vercel & React Router)"
"/rent-in-t-nagar","/chennai/t-nagar/","301 Permanent Redirect","Legacy Slug Cleanup","Yes (Tested in Vercel & React Router)"
"/rent-in-thoraipakkam","/chennai/thoraipakkam/","301 Permanent Redirect","Legacy Slug Cleanup","Yes (Tested in Vercel & React Router)"
"/rent-in-perungudi","/chennai/perungudi/","301 Permanent Redirect","Legacy Slug Cleanup","Yes (Tested in Vercel & React Router)"
"/rent-in-anna-nagar","/chennai/anna-nagar/","301 Permanent Redirect","Legacy Slug Cleanup","Yes (Tested in Vercel & React Router)"
"/rent-in-tambaram","/chennai/tambaram/","301 Permanent Redirect","Legacy Slug Cleanup","Yes (Tested in Vercel & React Router)"
"/rent-in-chromepet","/chennai/chromepet/","301 Permanent Redirect","Legacy Slug Cleanup","Yes (Tested in Vercel & React Router)"
"/rent-in-thiruvanmiyur","/chennai/thiruvanmiyur/","301 Permanent Redirect","Legacy Slug Cleanup","Yes (Tested in Vercel & React Router)"
"/flats-for-rent-in-velachery-chennai","/chennai/velachery/","301 Permanent Redirect","Locality Canonical Standardization","Yes (Tested in Vercel & React Router)"
"/flats-for-rent-in-adyar-chennai","/chennai/adyar/","301 Permanent Redirect","Locality Canonical Standardization","Yes (Tested in Vercel & React Router)"
"/flats-for-rent-in-valasaravakkam-chennai","/chennai/valasaravakkam/","301 Permanent Redirect","Locality Canonical Standardization","Yes (Tested in Vercel & React Router)"
"/flats-for-rent-in-porur-chennai","/chennai/porur/","301 Permanent Redirect","Locality Canonical Standardization","Yes (Tested in Vercel & React Router)"
"/flats-for-rent-in-sholinganallur-chennai","/chennai/sholinganallur/","301 Permanent Redirect","Locality Canonical Standardization","Yes (Tested in Vercel & React Router)"
"/flats-for-rent-in-taramani-chennai","/chennai/taramani/","301 Permanent Redirect","Locality Canonical Standardization","Yes (Tested in Vercel & React Router)"
"/flats-for-rent-in-thoraipakkam-chennai","/chennai/thoraipakkam/","301 Permanent Redirect","Locality Canonical Standardization","Yes (Tested in Vercel & React Router)"
"/flats-for-rent-in-perungudi-chennai","/chennai/perungudi/","301 Permanent Redirect","Locality Canonical Standardization","Yes (Tested in Vercel & React Router)"
"/flats-for-rent-in-medavakkam-chennai","/chennai/medavakkam/","301 Permanent Redirect","Locality Canonical Standardization","Yes (Tested in Vercel & React Router)"
"/flats-for-rent-in-t-nagar-chennai","/chennai/t-nagar/","301 Permanent Redirect","Locality Canonical Standardization","Yes (Tested in Vercel & React Router)"
"/flats-for-rent-in-nungambakkam-chennai","/chennai/nungambakkam/","301 Permanent Redirect","Locality Canonical Standardization","Yes (Tested in Vercel & React Router)"
"/flats-for-rent-in-anna-nagar-chennai","/chennai/anna-nagar/","301 Permanent Redirect","Locality Canonical Standardization","Yes (Tested in Vercel & React Router)"
"/flats-for-rent-in-omr-chennai","/chennai/omr/","301 Permanent Redirect","Locality Canonical Standardization","Yes (Tested in Vercel & React Router)"
"/flats-for-rent-in-tambaram-chennai","/chennai/tambaram/","301 Permanent Redirect","Locality Canonical Standardization","Yes (Tested in Vercel & React Router)"
"/flats-for-rent-in-chromepet-chennai","/chennai/chromepet/","301 Permanent Redirect","Locality Canonical Standardization","Yes (Tested in Vercel & React Router)"
"/flats-for-rent-in-thiruvanmiyur-chennai","/chennai/thiruvanmiyur/","301 Permanent Redirect","Locality Canonical Standardization","Yes (Tested in Vercel & React Router)"
"/advance-deposit-chennai","/guides/advance-deposit-chennai/","301 Permanent Redirect","Legacy Slug Cleanup","Yes (Tested in Vercel & React Router)"
"/tenant-rules-chennai","/guides/tenant-rules-chennai/","301 Permanent Redirect","Legacy Slug Cleanup","Yes (Tested in Vercel & React Router)"
"/guide/:slug","/guides/:slug/","301 Permanent Redirect","Legacy Slug Cleanup","Yes (Tested in Vercel & React Router)"
"/contact.html","/contact/","301 Permanent Redirect","Obsolete .html Extension Elimination","Yes (Tested in Vercel & React Router)"
"/privacy.html","/privacy/","301 Permanent Redirect","Obsolete .html Extension Elimination","Yes (Tested in Vercel & React Router)"
"/neighbourhood/:slug.html","/chennai/:slug/","301 Permanent Redirect","Obsolete .html Extension Elimination","Yes (Tested in Vercel & React Router)"
"/guides/:slug.html","/guides/:slug/","301 Permanent Redirect","Obsolete .html Extension Elimination","Yes (Tested in Vercel & React Router)"
"/stories/:slug.html","/stories/:slug/","301 Permanent Redirect","Obsolete .html Extension Elimination","Yes (Tested in Vercel & React Router)"