URL,Final URL,Status Code,Response Time (ms),Title,Meta Description,Canonical,Robots Meta,H1,H2/H3 Sample,Word Count,JSON-LD Types,Open Graph Tags,Twitter Tags,Indexability Status,Incoming Links,Outgoing Links,Template,Page Intent,Duplicate Similarity,In Sitemap,Linked Internally
"https://www.chennairents.in/","https://www.chennairents.in/","200","27","Chennai Rents: Verified Rental Homes & Transparent Neighborhood Data","Find verified rental homes, true rent rates, water supply reality, and flood history across Chennai neighbourhoods. Direct owner listings, zero brokerage.","https://www.chennairents.in/","index, follow","Rental Homes in Chennai Grounded in Local Reality","Find a Home | Check Neighborhood Reality | Rental Intelligence","850","WebSite, Organization","og:title, og:description, og:url, og:image","twitter:card, twitter:title, twitter:description","Indexable","120","45","Home.jsx","Navigational & Commercial Real Estate Search","Low (Unique Content)","true","true"
"https://www.chennairents.in/chennai/rentals/","https://www.chennairents.in/chennai/rentals/","200","37","Flats & Houses for Rent in Chennai | Chennai Rents","Browse flats, houses, and apartments for rent across Chennai. Verified rent rates, water supply reality, flood risk, and direct listings.","https://www.chennairents.in/chennai/rentals/","index, follow","Flats & Houses for Rent in Chennai","Search by BHK | Popular Chennai Neighbourhoods | Rental Reality","1120","ItemList, BreadcrumbList","og:title, og:description, og:url, og:image","twitter:card, twitter:title, twitter:description","Indexable","35","30","ChennaiHub.jsx","Category Directory Hub (All-Chennai Rental Search)","Low (Unique Content)","true","true"
"https://www.chennairents.in/house-for-rent-in-chennai/","https://www.chennairents.in/house-for-rent-in-chennai/","200","16","Houses for Rent in Chennai: Locality, Budget & BHK Guide | Chennai Rents","Find houses for rent in Chennai. Practical guide covering 1-3 BHK flats, independent houses, budgets from ₹5,000 to ₹30,000+, water checks, and no-broker owner listings.","https://www.chennairents.in/house-for-rent-in-chennai/","index, follow","Houses for Rent in Chennai: Find by BHK, Budget and Locality","Direct Answer | Indicative Rents | Budget Filter | Tenant Checklist | FAQs","2450","Article, FAQPage, BreadcrumbList","og:title, og:description, og:url, og:image","twitter:card, twitter:title, twitter:description","Indexable","28","32","HouseRentChennaiHub.jsx","High-Intent Search Pillar (""house for rents in Chennai"")","Low (Unique Content)","true","true"
"https://www.chennairents.in/1-bhk-house-for-rent-in-chennai/","https://www.chennairents.in/1-bhk-house-for-rent-in-chennai/","200","28","1 BHK Houses for Rent in Chennai: Prices & Localities | Chennai Rents","Explore verified 1 BHK houses and flats for rent in Chennai. Typical rent benchmarks, bachelor vs family suitability, water reality, and top localities.","https://www.chennairents.in/1-bhk-house-for-rent-in-chennai/","index, follow","1 BHK Houses for Rent in Chennai","Market Reality | Locality Breakdown | Tenant Advice | FAQs","1850","Article, FAQPage, BreadcrumbList","og:title, og:description, og:url, og:image","twitter:card, twitter:title, twitter:description","Indexable","15","18","HouseRentChennaiHub.jsx (Filtered)","Specific Rental Intent (1-bhk-house-for-rent-in-chennai)","Low (Unique Content)","true","true"
"https://www.chennairents.in/2-bhk-house-for-rent-in-chennai/","https://www.chennairents.in/2-bhk-house-for-rent-in-chennai/","200","36","2 BHK Houses for Rent in Chennai: Rates & Top Neighborhoods | Chennai Rents","Find 2 BHK apartments and independent houses for rent in Chennai. Neighborhood price comparisons, parking norms, and verified direct owner listings.","https://www.chennairents.in/2-bhk-house-for-rent-in-chennai/","index, follow","2 BHK Houses for Rent in Chennai","Market Reality | Locality Breakdown | Tenant Advice | FAQs","1850","Article, FAQPage, BreadcrumbList","og:title, og:description, og:url, og:image","twitter:card, twitter:title, twitter:description","Indexable","15","18","HouseRentChennaiHub.jsx (Filtered)","Specific Rental Intent (2-bhk-house-for-rent-in-chennai)","Low (Unique Content)","true","true"
"https://www.chennairents.in/independent-house-for-rent-in-chennai/","https://www.chennairents.in/independent-house-for-rent-in-chennai/","200","37","Independent Houses for Rent in Chennai: Standalone Homes & Portions | Chennai Rents","Discover independent houses and private floor portions for rent in Chennai. Enjoy private parking, terrace access, and zero monthly apartment maintenance fees.","https://www.chennairents.in/independent-house-for-rent-in-chennai/","index, follow","Independent Houses for Rent in Chennai","Market Reality | Locality Breakdown | Tenant Advice | FAQs","1850","Article, FAQPage, BreadcrumbList","og:title, og:description, og:url, og:image","twitter:card, twitter:title, twitter:description","Indexable","15","18","HouseRentChennaiHub.jsx (Filtered)","Specific Rental Intent (independent-house-for-rent-in-chennai)","Low (Unique Content)","true","true"
"https://www.chennairents.in/house-for-rent-in-chennai-under-10000/","https://www.chennairents.in/house-for-rent-in-chennai-under-10000/","200","31","House for Rent in Chennai Below 10000: Real Options & Localities | Chennai Rents","Looking for a rental house in Chennai under ₹10,000? Check realistic 1 BHK portions and compact flats in Porur, Medavakkam, Chromepet, and suburban belts.","https://www.chennairents.in/house-for-rent-in-chennai-under-10000/","index, follow","House for Rent in Chennai Below ₹10,000","Market Reality | Locality Breakdown | Tenant Advice | FAQs","1850","Article, FAQPage, BreadcrumbList","og:title, og:description, og:url, og:image","twitter:card, twitter:title, twitter:description","Indexable","15","18","HouseRentChennaiHub.jsx (Filtered)","Specific Rental Intent (house-for-rent-in-chennai-under-10000)","Low (Unique Content)","true","true"
"https://www.chennairents.in/house-for-rent-in-chennai-under-7000/","https://www.chennairents.in/house-for-rent-in-chennai-under-7000/","200","24","House for Rent in Chennai Below 7000: Budget Rental Guide | Chennai Rents","Realistic guide to finding homes in Chennai under ₹7,000. Compact 1 RKs, student rooms, and suburban independent portions with transparent utility checks.","https://www.chennairents.in/house-for-rent-in-chennai-under-7000/","index, follow","House for Rent in Chennai Below ₹7,000","Market Reality | Locality Breakdown | Tenant Advice | FAQs","1850","Article, FAQPage, BreadcrumbList","og:title, og:description, og:url, og:image","twitter:card, twitter:title, twitter:description","Indexable","15","18","HouseRentChennaiHub.jsx (Filtered)","Specific Rental Intent (house-for-rent-in-chennai-under-7000)","Low (Unique Content)","true","true"
"https://www.chennairents.in/house-for-rent-in-chennai-under-5000/","https://www.chennairents.in/house-for-rent-in-chennai-under-5000/","200","37","Rent House in Chennai Below 5000: Honest Suburban & Room Guide | Chennai Rents","Honest facts about renting in Chennai below ₹5,000. Shared rooms, bachelor PGs, and suburban portions in Avadi, Guduvanchery, and outer transit rings.","https://www.chennairents.in/house-for-rent-in-chennai-under-5000/","index, follow","House for Rent in Chennai Below ₹5,000","Market Reality | Locality Breakdown | Tenant Advice | FAQs","1850","Article, FAQPage, BreadcrumbList","og:title, og:description, og:url, og:image","twitter:card, twitter:title, twitter:description","Indexable","15","18","HouseRentChennaiHub.jsx (Filtered)","Specific Rental Intent (house-for-rent-in-chennai-under-5000)","Low (Unique Content)","true","true"
"https://www.chennairents.in/individual-house-for-rent-in-chennai-under-8000/","https://www.chennairents.in/individual-house-for-rent-in-chennai-under-8000/","200","26","Individual House for Rent in Chennai Below 8000 | Chennai Rents","Find affordable individual house portions for rent in Chennai under ₹8,000. Ground floor portions, terrace rooms, and quiet residential cross-streets.","https://www.chennairents.in/individual-house-for-rent-in-chennai-under-8000/","index, follow","Individual House for Rent in Chennai Below ₹8,000","Market Reality | Locality Breakdown | Tenant Advice | FAQs","1850","Article, FAQPage, BreadcrumbList","og:title, og:description, og:url, og:image","twitter:card, twitter:title, twitter:description","Indexable","15","18","HouseRentChennaiHub.jsx (Filtered)","Specific Rental Intent (individual-house-for-rent-in-chennai-under-8000)","Low (Unique Content)","true","true"
"https://www.chennairents.in/house-for-rent-in-chennai-without-brokers/","https://www.chennairents.in/house-for-rent-in-chennai-without-brokers/","200","26","House for Rent in Chennai Without Brokers: 100% Direct Owner Homes | Chennai Rents","Skip real estate agent commissions. How to connect directly with genuine Chennai home owners, verify documents, and negotiate rental advances safely.","https://www.chennairents.in/house-for-rent-in-chennai-without-brokers/","index, follow","House for Rent in Chennai Without Brokers","Market Reality | Locality Breakdown | Tenant Advice | FAQs","1850","Article, FAQPage, BreadcrumbList","og:title, og:description, og:url, og:image","twitter:card, twitter:title, twitter:description","Indexable","15","18","HouseRentChennaiHub.jsx (Filtered)","Specific Rental Intent (house-for-rent-in-chennai-without-brokers)","Low (Unique Content)","true","true"
"https://www.chennairents.in/bachelor-rentals-in-chennai/","https://www.chennairents.in/bachelor-rentals-in-chennai/","200","39","Bachelor House for Rent in Chennai: Welcoming Flats & Rooms | Chennai Rents","Find bachelor-friendly rental homes in Chennai. Avoid society restrictions with verified flats, shared apartments, and independent portions near IT parks.","https://www.chennairents.in/bachelor-rentals-in-chennai/","index, follow","Bachelor House for Rent in Chennai","Market Reality | Locality Breakdown | Tenant Advice | FAQs","1850","Article, FAQPage, BreadcrumbList","og:title, og:description, og:url, og:image","twitter:card, twitter:title, twitter:description","Indexable","15","18","HouseRentChennaiHub.jsx (Filtered)","Specific Rental Intent (bachelor-rentals-in-chennai)","Low (Unique Content)","true","true"
"https://www.chennairents.in/family-houses-for-rent-in-chennai/","https://www.chennairents.in/family-houses-for-rent-in-chennai/","200","29","Family Houses for Rent in Chennai: Peaceful & Secure Residential Flats | Chennai Rents","Peaceful residential homes for families in Chennai. Focus on top schools, 24/7 security, metro water supply, car parking, and active community welfare.","https://www.chennairents.in/family-houses-for-rent-in-chennai/","index, follow","Family Houses for Rent in Chennai","Market Reality | Locality Breakdown | Tenant Advice | FAQs","1850","Article, FAQPage, BreadcrumbList","og:title, og:description, og:url, og:image","twitter:card, twitter:title, twitter:description","Indexable","15","18","HouseRentChennaiHub.jsx (Filtered)","Specific Rental Intent (family-houses-for-rent-in-chennai)","Low (Unique Content)","true","true"
"https://www.chennairents.in/co-living-in-chennai/","https://www.chennairents.in/co-living-in-chennai/","200","23","Co-Living Spaces in Chennai: Fully Furnished Rooms & Low Deposit | Chennai Rents","Compare co-living spaces and premium PGs in Chennai. Fully furnished rooms with Wi-Fi, food, housekeeping, and minimal 1–2 month security advance.","https://www.chennairents.in/co-living-in-chennai/","index, follow","Co-Living Spaces in Chennai","Market Reality | Locality Breakdown | Tenant Advice | FAQs","1850","Article, FAQPage, BreadcrumbList","og:title, og:description, og:url, og:image","twitter:card, twitter:title, twitter:description","Indexable","15","18","HouseRentChennaiHub.jsx (Filtered)","Specific Rental Intent (co-living-in-chennai)","Low (Unique Content)","true","true"
"https://www.chennairents.in/house-for-rent-in-anna-nagar-chennai/","https://www.chennairents.in/house-for-rent-in-anna-nagar-chennai/","200","31","House for Rent in Anna Nagar, Chennai: Premium West Hub Rentals | Chennai Rents","Explore rental houses in Anna Nagar, Chennai. Tree-lined avenues, excellent Metro connectivity, top schools, and premium 2 & 3 BHK apartments.","https://www.chennairents.in/house-for-rent-in-anna-nagar-chennai/","index, follow","House for Rent in Anna Nagar, Chennai","Market Reality | Locality Breakdown | Tenant Advice | FAQs","1850","Article, FAQPage, BreadcrumbList","og:title, og:description, og:url, og:image","twitter:card, twitter:title, twitter:description","Indexable","15","18","HouseRentChennaiHub.jsx (Filtered)","Specific Rental Intent (house-for-rent-in-anna-nagar-chennai)","Low (Unique Content)","true","true"
"https://www.chennairents.in/house-for-rent-in-porur-chennai/","https://www.chennairents.in/house-for-rent-in-porur-chennai/","200","37","House for Rent in Porur, Chennai: DLF IT Park Hub & West Living | Chennai Rents","Find houses for rent in Porur, Chennai. 5-minute access to DLF Cybercity and L&T Infotech, affordable 1-3 BHK flats, and upcoming Metro line.","https://www.chennairents.in/house-for-rent-in-porur-chennai/","index, follow","House for Rent in Porur, Chennai","Market Reality | Locality Breakdown | Tenant Advice | FAQs","1850","Article, FAQPage, BreadcrumbList","og:title, og:description, og:url, og:image","twitter:card, twitter:title, twitter:description","Indexable","15","18","HouseRentChennaiHub.jsx (Filtered)","Specific Rental Intent (house-for-rent-in-porur-chennai)","Low (Unique Content)","true","true"
"https://www.chennairents.in/house-for-rent-in-t-nagar-chennai/","https://www.chennairents.in/house-for-rent-in-t-nagar-chennai/","200","23","House for Rent in T. Nagar, Chennai: Central Shopping Hub Rentals | Chennai Rents","Find houses for rent in T. Nagar, Chennai. Central connectivity, suburban trains at Mambalam, and quiet residential cross-streets behind Usman Road.","https://www.chennairents.in/house-for-rent-in-t-nagar-chennai/","index, follow","House for Rent in T. Nagar, Chennai","Market Reality | Locality Breakdown | Tenant Advice | FAQs","1850","Article, FAQPage, BreadcrumbList","og:title, og:description, og:url, og:image","twitter:card, twitter:title, twitter:description","Indexable","15","18","HouseRentChennaiHub.jsx (Filtered)","Specific Rental Intent (house-for-rent-in-t-nagar-chennai)","Low (Unique Content)","true","true"
"https://www.chennairents.in/author/vijayrajkumar/","https://www.chennairents.in/author/vijayrajkumar/","200","38","R Vijayrajkumar: Founder & Lead Editor | Chennai Rents","Author profile and editorial verification standards of R Vijayrajkumar, Lead Editor of Chennai Rents.","https://www.chennairents.in/author/vijayrajkumar/","index, follow","R Vijayrajkumar","Editorial Mission | Field Survey Standards | Published Research","920","Person, ProfilePage, BreadcrumbList","og:title, og:description, og:url, og:image","twitter:card, twitter:title, twitter:description","Indexable","42","12","AuthorPage.jsx","E-E-A-T Author & Credibility Verification","Low (Unique Content)","true","true"
"https://www.chennairents.in/chennai/velachery/","https://www.chennairents.in/chennai/velachery/","200","34","Flats for Rent in Velachery, Chennai | Chennai Rents","Find flats for rent in Velachery, Chennai. Indicative rent ranges by BHK, water supply score, flood history, transit commute, and owner listings.","https://www.chennairents.in/chennai/velachery/","index, follow","Flats for Rent in Velachery, Chennai","Quick Facts | Rental Rates | Water Reality | Flood Check | Commute | Tenant Guidance | 7-Step Checklist | FAQs | Nearby Areas","2200","Article, FAQPage, BreadcrumbList","og:title, og:description, og:url, og:image","twitter:card, twitter:title, twitter:description","Indexable","24","26","LocalityPage.jsx","Hyperlocal Locality Rental Research (Velachery)","Low (Unique Content)","true","true"
"https://www.chennairents.in/chennai/taramani/","https://www.chennairents.in/chennai/taramani/","200","22","Flats for Rent in Taramani, Chennai | Chennai Rents","Find flats for rent in Taramani, Chennai. Indicative rent ranges by BHK, water supply score, flood history, transit commute, and owner listings.","https://www.chennairents.in/chennai/taramani/","index, follow","Flats for Rent in Taramani, Chennai","Quick Facts | Rental Rates | Water Reality | Flood Check | Commute | Tenant Guidance | 7-Step Checklist | FAQs | Nearby Areas","2200","Article, FAQPage, BreadcrumbList","og:title, og:description, og:url, og:image","twitter:card, twitter:title, twitter:description","Indexable","24","26","LocalityPage.jsx","Hyperlocal Locality Rental Research (Taramani)","Low (Unique Content)","true","true"
"https://www.chennairents.in/chennai/sholinganallur/","https://www.chennairents.in/chennai/sholinganallur/","200","27","Flats for Rent in Sholinganallur, Chennai | Chennai Rents","Find flats for rent in Sholinganallur, Chennai. Indicative rent ranges by BHK, water supply score, flood history, transit commute, and owner listings.","https://www.chennairents.in/chennai/sholinganallur/","index, follow","Flats for Rent in Sholinganallur, Chennai","Quick Facts | Rental Rates | Water Reality | Flood Check | Commute | Tenant Guidance | 7-Step Checklist | FAQs | Nearby Areas","2200","Article, FAQPage, BreadcrumbList","og:title, og:description, og:url, og:image","twitter:card, twitter:title, twitter:description","Indexable","24","26","LocalityPage.jsx","Hyperlocal Locality Rental Research (Sholinganallur)","Low (Unique Content)","true","true"
"https://www.chennairents.in/chennai/thoraipakkam/","https://www.chennairents.in/chennai/thoraipakkam/","200","31","Flats for Rent in Thoraipakkam, Chennai | Chennai Rents","Find flats for rent in Thoraipakkam, Chennai. Indicative rent ranges by BHK, water supply score, flood history, transit commute, and owner listings.","https://www.chennairents.in/chennai/thoraipakkam/","index, follow","Flats for Rent in Thoraipakkam, Chennai","Quick Facts | Rental Rates | Water Reality | Flood Check | Commute | Tenant Guidance | 7-Step Checklist | FAQs | Nearby Areas","2200","Article, FAQPage, BreadcrumbList","og:title, og:description, og:url, og:image","twitter:card, twitter:title, twitter:description","Indexable","24","26","LocalityPage.jsx","Hyperlocal Locality Rental Research (Thoraipakkam)","Low (Unique Content)","true","true"
"https://www.chennairents.in/chennai/perungudi/","https://www.chennairents.in/chennai/perungudi/","200","25","Flats for Rent in Perungudi, Chennai | Chennai Rents","Find flats for rent in Perungudi, Chennai. Indicative rent ranges by BHK, water supply score, flood history, transit commute, and owner listings.","https://www.chennairents.in/chennai/perungudi/","index, follow","Flats for Rent in Perungudi, Chennai","Quick Facts | Rental Rates | Water Reality | Flood Check | Commute | Tenant Guidance | 7-Step Checklist | FAQs | Nearby Areas","2200","Article, FAQPage, BreadcrumbList","og:title, og:description, og:url, og:image","twitter:card, twitter:title, twitter:description","Indexable","24","26","LocalityPage.jsx","Hyperlocal Locality Rental Research (Perungudi)","Low (Unique Content)","true","true"
"https://www.chennairents.in/chennai/adyar/","https://www.chennairents.in/chennai/adyar/","200","20","Flats for Rent in Adyar, Chennai | Chennai Rents","Find flats for rent in Adyar, Chennai. Indicative rent ranges by BHK, water supply score, flood history, transit commute, and owner listings.","https://www.chennairents.in/chennai/adyar/","index, follow","Flats for Rent in Adyar, Chennai","Quick Facts | Rental Rates | Water Reality | Flood Check | Commute | Tenant Guidance | 7-Step Checklist | FAQs | Nearby Areas","2200","Article, FAQPage, BreadcrumbList","og:title, og:description, og:url, og:image","twitter:card, twitter:title, twitter:description","Indexable","24","26","LocalityPage.jsx","Hyperlocal Locality Rental Research (Adyar)","Low (Unique Content)","true","true"
"https://www.chennairents.in/chennai/t-nagar/","https://www.chennairents.in/chennai/t-nagar/","200","15","Flats for Rent in T. Nagar, Chennai | Chennai Rents","Find flats for rent in T. Nagar, Chennai. Indicative rent ranges by BHK, water supply score, flood history, transit commute, and owner listings.","https://www.chennairents.in/chennai/t-nagar/","index, follow","Flats for Rent in T. Nagar, Chennai","Quick Facts | Rental Rates | Water Reality | Flood Check | Commute | Tenant Guidance | 7-Step Checklist | FAQs | Nearby Areas","2200","Article, FAQPage, BreadcrumbList","og:title, og:description, og:url, og:image","twitter:card, twitter:title, twitter:description","Indexable","24","26","LocalityPage.jsx","Hyperlocal Locality Rental Research (T. Nagar)","Low (Unique Content)","true","true"
"https://www.chennairents.in/chennai/nungambakkam/","https://www.chennairents.in/chennai/nungambakkam/","200","19","Flats for Rent in Nungambakkam, Chennai | Chennai Rents","Find flats for rent in Nungambakkam, Chennai. Indicative rent ranges by BHK, water supply score, flood history, transit commute, and owner listings.","https://www.chennairents.in/chennai/nungambakkam/","index, follow","Flats for Rent in Nungambakkam, Chennai","Quick Facts | Rental Rates | Water Reality | Flood Check | Commute | Tenant Guidance | 7-Step Checklist | FAQs | Nearby Areas","2200","Article, FAQPage, BreadcrumbList","og:title, og:description, og:url, og:image","twitter:card, twitter:title, twitter:description","Indexable","24","26","LocalityPage.jsx","Hyperlocal Locality Rental Research (Nungambakkam)","Low (Unique Content)","true","true"
"https://www.chennairents.in/chennai/valasaravakkam/","https://www.chennairents.in/chennai/valasaravakkam/","200","20","Flats for Rent in Valasaravakkam, Chennai | Chennai Rents","Find flats for rent in Valasaravakkam, Chennai. Indicative rent ranges by BHK, water supply score, flood history, transit commute, and owner listings.","https://www.chennairents.in/chennai/valasaravakkam/","index, follow","Flats for Rent in Valasaravakkam, Chennai","Quick Facts | Rental Rates | Water Reality | Flood Check | Commute | Tenant Guidance | 7-Step Checklist | FAQs | Nearby Areas","2200","Article, FAQPage, BreadcrumbList","og:title, og:description, og:url, og:image","twitter:card, twitter:title, twitter:description","Indexable","24","26","LocalityPage.jsx","Hyperlocal Locality Rental Research (Valasaravakkam)","Low (Unique Content)","true","true"
"https://www.chennairents.in/chennai/porur/","https://www.chennairents.in/chennai/porur/","200","38","Flats for Rent in Porur, Chennai | Chennai Rents","Find flats for rent in Porur, Chennai. Indicative rent ranges by BHK, water supply score, flood history, transit commute, and owner listings.","https://www.chennairents.in/chennai/porur/","index, follow","Flats for Rent in Porur, Chennai","Quick Facts | Rental Rates | Water Reality | Flood Check | Commute | Tenant Guidance | 7-Step Checklist | FAQs | Nearby Areas","2200","Article, FAQPage, BreadcrumbList","og:title, og:description, og:url, og:image","twitter:card, twitter:title, twitter:description","Indexable","24","26","LocalityPage.jsx","Hyperlocal Locality Rental Research (Porur)","Low (Unique Content)","true","true"
"https://www.chennairents.in/chennai/medavakkam/","https://www.chennairents.in/chennai/medavakkam/","200","25","Flats for Rent in Medavakkam, Chennai | Chennai Rents","Find flats for rent in Medavakkam, Chennai. Indicative rent ranges by BHK, water supply score, flood history, transit commute, and owner listings.","https://www.chennairents.in/chennai/medavakkam/","index, follow","Flats for Rent in Medavakkam, Chennai","Quick Facts | Rental Rates | Water Reality | Flood Check | Commute | Tenant Guidance | 7-Step Checklist | FAQs | Nearby Areas","2200","Article, FAQPage, BreadcrumbList","og:title, og:description, og:url, og:image","twitter:card, twitter:title, twitter:description","Indexable","24","26","LocalityPage.jsx","Hyperlocal Locality Rental Research (Medavakkam)","Low (Unique Content)","true","true"
"https://www.chennairents.in/chennai/anna-nagar/","https://www.chennairents.in/chennai/anna-nagar/","200","19","Flats for Rent in Anna Nagar, Chennai | Chennai Rents","Find flats for rent in Anna Nagar, Chennai. Indicative rent ranges by BHK, water supply score, flood history, transit commute, and owner listings.","https://www.chennairents.in/chennai/anna-nagar/","index, follow","Flats for Rent in Anna Nagar, Chennai","Quick Facts | Rental Rates | Water Reality | Flood Check | Commute | Tenant Guidance | 7-Step Checklist | FAQs | Nearby Areas","2200","Article, FAQPage, BreadcrumbList","og:title, og:description, og:url, og:image","twitter:card, twitter:title, twitter:description","Indexable","24","26","LocalityPage.jsx","Hyperlocal Locality Rental Research (Anna Nagar)","Low (Unique Content)","true","true"
"https://www.chennairents.in/chennai/omr/","https://www.chennairents.in/chennai/omr/","200","33","Flats for Rent in OMR (Old Mahabalipuram Road), Chennai | Chennai Rents","Find flats for rent in OMR (Old Mahabalipuram Road), Chennai. Indicative rent ranges by BHK, water supply score, flood history, transit commute, and owner listings.","https://www.chennairents.in/chennai/omr/","index, follow","Flats for Rent in OMR (Old Mahabalipuram Road), Chennai","Quick Facts | Rental Rates | Water Reality | Flood Check | Commute | Tenant Guidance | 7-Step Checklist | FAQs | Nearby Areas","2200","Article, FAQPage, BreadcrumbList","og:title, og:description, og:url, og:image","twitter:card, twitter:title, twitter:description","Indexable","24","26","LocalityPage.jsx","Hyperlocal Locality Rental Research (OMR (Old Mahabalipuram Road))","Low (Unique Content)","true","true"
"https://www.chennairents.in/chennai/tambaram/","https://www.chennairents.in/chennai/tambaram/","200","31","Flats for Rent in Tambaram, Chennai | Chennai Rents","Find flats for rent in Tambaram, Chennai. Indicative rent ranges by BHK, water supply score, flood history, transit commute, and owner listings.","https://www.chennairents.in/chennai/tambaram/","index, follow","Flats for Rent in Tambaram, Chennai","Quick Facts | Rental Rates | Water Reality | Flood Check | Commute | Tenant Guidance | 7-Step Checklist | FAQs | Nearby Areas","2200","Article, FAQPage, BreadcrumbList","og:title, og:description, og:url, og:image","twitter:card, twitter:title, twitter:description","Indexable","24","26","LocalityPage.jsx","Hyperlocal Locality Rental Research (Tambaram)","Low (Unique Content)","true","true"
"https://www.chennairents.in/chennai/chromepet/","https://www.chennairents.in/chennai/chromepet/","200","35","Flats for Rent in Chromepet, Chennai | Chennai Rents","Find flats for rent in Chromepet, Chennai. Indicative rent ranges by BHK, water supply score, flood history, transit commute, and owner listings.","https://www.chennairents.in/chennai/chromepet/","index, follow","Flats for Rent in Chromepet, Chennai","Quick Facts | Rental Rates | Water Reality | Flood Check | Commute | Tenant Guidance | 7-Step Checklist | FAQs | Nearby Areas","2200","Article, FAQPage, BreadcrumbList","og:title, og:description, og:url, og:image","twitter:card, twitter:title, twitter:description","Indexable","24","26","LocalityPage.jsx","Hyperlocal Locality Rental Research (Chromepet)","Low (Unique Content)","true","true"
"https://www.chennairents.in/chennai/thiruvanmiyur/","https://www.chennairents.in/chennai/thiruvanmiyur/","200","32","Flats for Rent in Thiruvanmiyur, Chennai | Chennai Rents","Find flats for rent in Thiruvanmiyur, Chennai. Indicative rent ranges by BHK, water supply score, flood history, transit commute, and owner listings.","https://www.chennairents.in/chennai/thiruvanmiyur/","index, follow","Flats for Rent in Thiruvanmiyur, Chennai","Quick Facts | Rental Rates | Water Reality | Flood Check | Commute | Tenant Guidance | 7-Step Checklist | FAQs | Nearby Areas","2200","Article, FAQPage, BreadcrumbList","og:title, og:description, og:url, og:image","twitter:card, twitter:title, twitter:description","Indexable","24","26","LocalityPage.jsx","Hyperlocal Locality Rental Research (Thiruvanmiyur)","Low (Unique Content)","true","true"
"https://www.chennairents.in/about/","https://www.chennairents.in/about/","200","33","About Chennai Rents: Independent Rental Intelligence","About Chennai Rents. Published by the independent local editorial team at Chennai Rents.","https://www.chennairents.in/about/","index, follow","About Chennai Rents","Editorial Standards | Verification | Legal Terms","780","AboutPage","og:title, og:description, og:url, og:image","twitter:card, twitter:title, twitter:description","Indexable","18","8","About.jsx","Company & Mission Information","Low (Unique Content)","true","true"
"https://www.chennairents.in/methodology/","https://www.chennairents.in/methodology/","200","39","Our Methodology: How We Calculate Rents & Water Scores | Chennai Rents","Chennai Rents Data & Research Methodology. Published by the independent local editorial team at Chennai Rents.","https://www.chennairents.in/methodology/","index, follow","Chennai Rents Data & Research Methodology","Editorial Standards | Verification | Legal Terms","1450","WebPage","og:title, og:description, og:url, og:image","twitter:card, twitter:title, twitter:description","Indexable","18","8","Methodology.jsx","Data Collection & Verification Methodology","Low (Unique Content)","true","true"
"https://www.chennairents.in/verification/","https://www.chennairents.in/verification/","200","18","Listing Verification & Trust Standards | Chennai Rents","How We Verify Rental Listings. Published by the independent local editorial team at Chennai Rents.","https://www.chennairents.in/verification/","index, follow","How We Verify Rental Listings","Editorial Standards | Verification | Legal Terms","1200","WebPage","og:title, og:description, og:url, og:image","twitter:card, twitter:title, twitter:description","Indexable","18","8","Verification.jsx","Fraud Prevention & Verification Protocols","Low (Unique Content)","true","true"
"https://www.chennairents.in/corrections/","https://www.chennairents.in/corrections/","200","28","Corrections & Editorial Policy | Chennai Rents","Editorial Integrity & Corrections Policy. Published by the independent local editorial team at Chennai Rents.","https://www.chennairents.in/corrections/","index, follow","Editorial Integrity & Corrections Policy","Editorial Standards | Verification | Legal Terms","850","WebPage","og:title, og:description, og:url, og:image","twitter:card, twitter:title, twitter:description","Indexable","18","8","Corrections.jsx","Editorial Standards & Correction Workflow","Low (Unique Content)","true","true"
"https://www.chennairents.in/contact/","https://www.chennairents.in/contact/","200","31","Contact Us | Chennai Rents","Contact the Chennai Rents Editorial Team. Published by the independent local editorial team at Chennai Rents.","https://www.chennairents.in/contact/","index, follow","Contact the Chennai Rents Editorial Team","Editorial Standards | Verification | Legal Terms","420","WebPage","og:title, og:description, og:url, og:image","twitter:card, twitter:title, twitter:description","Indexable","18","8","Contact.jsx","Contact & User Support","Low (Unique Content)","true","true"
"https://www.chennairents.in/privacy/","https://www.chennairents.in/privacy/","200","33","Privacy Policy | Chennai Rents","Privacy Policy & Data Security. Published by the independent local editorial team at Chennai Rents.","https://www.chennairents.in/privacy/","index, follow","Privacy Policy & Data Security","Editorial Standards | Verification | Legal Terms","1650","WebPage","og:title, og:description, og:url, og:image","twitter:card, twitter:title, twitter:description","Indexable","18","8","Privacy.jsx","Legal & Privacy Compliance","Low (Unique Content)","true","true"
"https://www.chennairents.in/data-deletion/","https://www.chennairents.in/data-deletion/","200","39","User Data Deletion Request | Chennai Rents","Data Deletion & GDPR/DPDP Rights. Published by the independent local editorial team at Chennai Rents.","https://www.chennairents.in/data-deletion/","index, follow","Data Deletion & GDPR/DPDP Rights","Editorial Standards | Verification | Legal Terms","520","WebPage","og:title, og:description, og:url, og:image","twitter:card, twitter:title, twitter:description","Indexable","18","8","Data-deletion.jsx","User Data Privacy Rights","Low (Unique Content)","true","true"
"https://www.chennairents.in/guides/advance-deposit-chennai/","https://www.chennairents.in/guides/advance-deposit-chennai/","200","19","Advance Deposit in Chennai: 10 Months Norm, Negotiation & Your Rights | Chennai Rents","The biggest shock for anyone moving to Chennai from Bangalore, Hyderabad, or Mumbai is the advance deposit. While landlords start the conversation at 10 months, almost nobody actually pays 10 months anymore.","https://www.chennairents.in/guides/advance-deposit-chennai/","index, follow","Advance Deposit in Chennai: 10 Months Norm, Negotiation & Your Rights","1. Why do Chennai landlords ask for 10 months? | 2. What the Law Actually Says (Tamil Nadu Tenancy Act) | 3. How to Negotiate Down to 4 to 6 Months (Step-by-Step) | 4. The Painting & Maintenance Trap When Vacating | 5. Pre-Deposit House-Hunting Checklist","1600","Article, FAQPage, BreadcrumbList","og:title, og:description, og:url, og:image","twitter:card, twitter:title, twitter:description","Indexable","20","14","PostTemplate.jsx","In-Depth Rental Advice (advance-deposit-chennai)","Low (Unique Content)","true","true"
"https://www.chennairents.in/guides/tenant-rules-chennai/","https://www.chennairents.in/guides/tenant-rules-chennai/","200","33","Rental Agreement & Tenant Rules in Chennai: What You Must Sign & What to Refuse | Chennai Rents","Signing a rental agreement in Chennai is often treated like a formality on a ₹100 stamp paper. Here are the 5 clauses you must review before signing.","https://www.chennairents.in/guides/tenant-rules-chennai/","index, follow","Rental Agreement & Tenant Rules in Chennai: What You Must Sign & What to Refuse","1. The 11-Month Convention vs Stamp Paper Duty | 2. Notice Period & Lock-in Clauses | 3. Annual Rent Escalation Norms | 4. Major vs Minor Maintenance Responsibilities","1600","Article, FAQPage, BreadcrumbList","og:title, og:description, og:url, og:image","twitter:card, twitter:title, twitter:description","Indexable","20","14","PostTemplate.jsx","In-Depth Rental Advice (tenant-rules-chennai)","Low (Unique Content)","true","true"
"https://www.chennairents.in/guides/how-to-write-rental-listing/","https://www.chennairents.in/guides/how-to-write-rental-listing/","200","16","How to Write a Chennai Rental Listing That Attracts Serious Tenants | Chennai Rents","A vague rental listing gets dozens of calls asking the same basic questions: Is there Metro water? Is car parking covered? Can bachelors stay? Writing a descriptive, transparent listing saves hours and attracts respectful, credit-worthy tenants.","https://www.chennairents.in/guides/how-to-write-rental-listing/","index, follow","How to Write a Chennai Rental Listing That Attracts Serious Tenants","1. The 5 Crucial Chennai Data Points Every Tenant Searches For | 2. High-Converting Headline Formula | 3. Photography Checklist: Daylight Over Wide-Angle Lenses | 4. Respectful Tenant Preference Framing","1600","Article, FAQPage, BreadcrumbList","og:title, og:description, og:url, og:image","twitter:card, twitter:title, twitter:description","Indexable","20","14","PostTemplate.jsx","In-Depth Rental Advice (how-to-write-rental-listing)","Low (Unique Content)","true","true"
"https://www.chennairents.in/guides/checklist-rental-advance/","https://www.chennairents.in/guides/checklist-rental-advance/","200","35","Checklist Before Paying Rental Advance in Chennai: 10 Critical Checks | Chennai Rents","Paying a rental advance in Chennai is often treated like a hasty informal transaction. Once money changes hands, resolving water problems or claiming refunds becomes exhausting. Use this 10-point checklist before signing or transferring funds.","https://www.chennairents.in/guides/checklist-rental-advance/","index, follow","Checklist Before Paying Rental Advance in Chennai: 10 Critical Checks","1. Electricity Bill (TANGEDCO) Arrears Verification | 2. Water Supply Source & Summer Tanker Protocol | 3. Plinth Level & Cyclone Water Stagnation History | 4. Legal Proof of Ownership | 5. The Token Advance Receipt Clause","1600","Article, FAQPage, BreadcrumbList","og:title, og:description, og:url, og:image","twitter:card, twitter:title, twitter:description","Indexable","20","14","PostTemplate.jsx","In-Depth Rental Advice (checklist-rental-advance)","Low (Unique Content)","true","true"
"https://www.chennairents.in/guides/how-to-list-flat-directly/","https://www.chennairents.in/guides/how-to-list-flat-directly/","200","28","How to List a Flat Directly Without a Broker in Chennai | Chennai Rents","Paying a full month rent as brokerage (₹20,000 to ₹40,000+) to a neighborhood middleman who simply opens the door twice is obsolete. In 2026, digital direct listing connects you directly with verified tenants.","https://www.chennairents.in/guides/how-to-list-flat-directly/","index, follow","How to List a Flat Directly Without a Broker in Chennai","1. Benchmark Your Property Against Real Closed Rents | 2. Prepare the Home for Immediate Move-in | 3. Professional Tenant Screening on WhatsApp | 4. Executing the 11-Month Lease Agreement","1600","Article, FAQPage, BreadcrumbList","og:title, og:description, og:url, og:image","twitter:card, twitter:title, twitter:description","Indexable","20","14","PostTemplate.jsx","In-Depth Rental Advice (how-to-list-flat-directly)","Low (Unique Content)","true","true"
"https://www.chennairents.in/guides/how-to-negotiate-rent/","https://www.chennairents.in/guides/how-to-negotiate-rent/","200","16","How to Negotiate Rent in Chennai Using Local Locality Data | Chennai Rents","Brokers and owners often start with inflated asking prices to test the waters. By walking into conversations armed with empirical data on closed rent rates, water tanker expenses, and parking reality, you can comfortably negotiate 8% to 15% off the asking rent.","https://www.chennairents.in/guides/how-to-negotiate-rent/","index, follow","How to Negotiate Rent in Chennai Using Local Locality Data","1. Counter the ""Anchor Price"" with Median Locality Figures | 2. The Deposit vs Rent Trade-Off | 3. Factoring in Hidden Utility & Water Expenses | 4. Navigating the Annual 11-Month Renewal Hike","1600","Article, FAQPage, BreadcrumbList","og:title, og:description, og:url, og:image","twitter:card, twitter:title, twitter:description","Indexable","20","14","PostTemplate.jsx","In-Depth Rental Advice (how-to-negotiate-rent)","Low (Unique Content)","true","true"
"https://www.chennairents.in/guides/how-to-price-flat-fairly/","https://www.chennairents.in/guides/how-to-price-flat-fairly/","200","30","How to Price a Chennai Property Fairly for Rent: Landlord Valuation Guide | Chennai Rents","Holding out for an extra ₹2,000 per month while your flat sits vacant for three months costs you ₹60,000 to ₹90,000 in permanent cash-flow loss. Learn how to calculate fair market rent that attracts stable, long-term tenants.","https://www.chennairents.in/guides/how-to-price-flat-fairly/","index, follow","How to Price a Chennai Property Fairly for Rent: Landlord Valuation Guide","1. The Math Behind the 2-Month Vacancy Trap | 2. Valuation Premiums: What Tenants Actually Pay More For | 3. Semi-Furnished vs Fully-Furnished Premiums","1600","Article, FAQPage, BreadcrumbList","og:title, og:description, og:url, og:image","twitter:card, twitter:title, twitter:description","Indexable","20","14","PostTemplate.jsx","In-Depth Rental Advice (how-to-price-flat-fairly)","Low (Unique Content)","true","true"
"https://www.chennairents.in/guides/best-chennai-areas/","https://www.chennairents.in/guides/best-chennai-areas/","200","27","Best Chennai Areas for Bachelors, Families, and IT Workers: 2026 Edition | Chennai Rents","Chennai is not a single rental market: it is an archipelago of distinctive residential micro-climates. Choosing the wrong locality can mean two hours in traffic on GST Road or paying ₹2,000 monthly for private water tankers. Here is where you should live based on your life stage.","https://www.chennairents.in/guides/best-chennai-areas/","index, follow","Best Chennai Areas for Bachelors, Families, and IT Workers: 2026 Edition","1. For IT & Tech Professionals (Tidel Park, OMR, Guindy, DLF Porur) | 2. For Families with School-Going Children | 3. For Bachelors & Single Working Professionals","1600","Article, FAQPage, BreadcrumbList","og:title, og:description, og:url, og:image","twitter:card, twitter:title, twitter:description","Indexable","20","14","PostTemplate.jsx","In-Depth Rental Advice (best-chennai-areas)","Low (Unique Content)","true","true"
"https://www.chennairents.in/guides/broker-fee-vs-direct-owner/","https://www.chennairents.in/guides/broker-fee-vs-direct-owner/","200","30","Broker Fees vs Direct-Owner Rentals in Chennai: Real Cost Comparison | Chennai Rents","In Chennai, traditional property brokers charge one full month rent from the tenant and one month rent from the landlord. On a ₹25,000 per month flat, that is ₹50,000 extracted from the transaction for opening a door. Here is how direct leasing protects your capital.","https://www.chennairents.in/guides/broker-fee-vs-direct-owner/","index, follow","Broker Fees vs Direct-Owner Rentals in Chennai: Real Cost Comparison","1. The Real Cost Breakdown on a 2-Year Lease | 2. The Hidden Conflicts of Interest with Agents | 3. How to Connect Safely with Direct Owners","1600","Article, FAQPage, BreadcrumbList","og:title, og:description, og:url, og:image","twitter:card, twitter:title, twitter:description","Indexable","20","14","PostTemplate.jsx","In-Depth Rental Advice (broker-fee-vs-direct-owner)","Low (Unique Content)","true","true"
"https://www.chennairents.in/guides/cost-of-living-chennai-2026/","https://www.chennairents.in/guides/cost-of-living-chennai-2026/","200","24","Cost of Living in Chennai 2026: Rent, Utilities, Food & Commute | Chennai Rents","Compared to Bengaluru and Mumbai, Chennai offers high quality of life at 25% to 40% lower monthly living expenses. Here is the realistic month-by-month financial breakdown for bachelors, couples, and families in 2026.","https://www.chennairents.in/guides/cost-of-living-chennai-2026/","index, follow","Cost of Living in Chennai 2026: Rent, Utilities, Food & Commute","1. Monthly Budget Tiers for Chennai Residents | 2. Electricity & AC Tariff Reality in Chennai Climate | 3. Commute Cost Optimizations","1600","Article, FAQPage, BreadcrumbList","og:title, og:description, og:url, og:image","twitter:card, twitter:title, twitter:description","Indexable","20","14","PostTemplate.jsx","In-Depth Rental Advice (cost-of-living-chennai-2026)","Low (Unique Content)","true","true"
"https://www.chennairents.in/guides/no-deposit-flats-chennai/","https://www.chennairents.in/guides/no-deposit-flats-chennai/","200","24","Low Deposit & Zero Brokerage Flats in Chennai: What You Must Know | Chennai Rents","The 10-month rental advance is the biggest financial friction in Chennai. Discover how modern tenants are successfully securing 2 to 4-month deposit arrangements and how to avoid fraudulent ""zero deposit"" rental traps.","https://www.chennairents.in/guides/no-deposit-flats-chennai/","index, follow","Low Deposit & Zero Brokerage Flats in Chennai: What You Must Know","1. What Tamil Nadu Tenancy Law Actually Mandates | 2. Legitimate Pathways to Low-Deposit Rentals in Chennai | 3. Red Flags: Avoiding Fake ""Zero Deposit"" Scams","1600","Article, FAQPage, BreadcrumbList","og:title, og:description, og:url, og:image","twitter:card, twitter:title, twitter:description","Indexable","20","14","PostTemplate.jsx","In-Depth Rental Advice (no-deposit-flats-chennai)","Low (Unique Content)","true","true"
"https://www.chennairents.in/flats-for-rent-in-adambakkam-chennai","https://www.chennairents.in/chennai/velachery/","301","38","301 Permanent Redirect","","https://www.chennairents.in/chennai/velachery/","noindex, follow","","","0","","og:title, og:description, og:url, og:image","twitter:card, twitter:title, twitter:description","Redirected (301)","0","0","Redirect Router / vercel.json","Legacy / 404 Resolution -> https://www.chennairents.in/chennai/velachery/","Low (Unique Content)","false","false"
"https://www.chennairents.in/flats-for-rent-in-besant-nagar-chennai","https://www.chennairents.in/chennai/adyar/","301","39","301 Permanent Redirect","","https://www.chennairents.in/chennai/adyar/","noindex, follow","","","0","","og:title, og:description, og:url, og:image","twitter:card, twitter:title, twitter:description","Redirected (301)","0","0","Redirect Router / vercel.json","Legacy / 404 Resolution -> https://www.chennairents.in/chennai/adyar/","Low (Unique Content)","false","false"
"https://www.chennairents.in/flats-for-rent-in-egmore-chennai","https://www.chennairents.in/chennai/rentals/","301","20","301 Permanent Redirect","","https://www.chennairents.in/chennai/rentals/","noindex, follow","","","0","","og:title, og:description, og:url, og:image","twitter:card, twitter:title, twitter:description","Redirected (301)","0","0","Redirect Router / vercel.json","Legacy / 404 Resolution -> https://www.chennairents.in/chennai/rentals/","Low (Unique Content)","false","false"
"https://www.chennairents.in/flats-for-rent-in-kodambakkam-chennai","https://www.chennairents.in/chennai/t-nagar/","301","38","301 Permanent Redirect","","https://www.chennairents.in/chennai/t-nagar/","noindex, follow","","","0","","og:title, og:description, og:url, og:image","twitter:card, twitter:title, twitter:description","Redirected (301)","0","0","Redirect Router / vercel.json","Legacy / 404 Resolution -> https://www.chennairents.in/chennai/t-nagar/","Low (Unique Content)","false","false"
"https://www.chennairents.in/flats-for-rent-in-mogappair-chennai","https://www.chennairents.in/chennai/anna-nagar/","301","32","301 Permanent Redirect","","https://www.chennairents.in/chennai/anna-nagar/","noindex, follow","","","0","","og:title, og:description, og:url, og:image","twitter:card, twitter:title, twitter:description","Redirected (301)","0","0","Redirect Router / vercel.json","Legacy / 404 Resolution -> https://www.chennairents.in/chennai/anna-nagar/","Low (Unique Content)","false","false"
"https://www.chennairents.in/flats-for-rent-in-mylapore-chennai","https://www.chennairents.in/chennai/adyar/","301","23","301 Permanent Redirect","","https://www.chennairents.in/chennai/adyar/","noindex, follow","","","0","","og:title, og:description, og:url, og:image","twitter:card, twitter:title, twitter:description","Redirected (301)","0","0","Redirect Router / vercel.json","Legacy / 404 Resolution -> https://www.chennairents.in/chennai/adyar/","Low (Unique Content)","false","false"
"https://www.chennairents.in/flats-for-rent-in-pallikaranai-chennai","https://www.chennairents.in/chennai/medavakkam/","301","27","301 Permanent Redirect","","https://www.chennairents.in/chennai/medavakkam/","noindex, follow","","","0","","og:title, og:description, og:url, og:image","twitter:card, twitter:title, twitter:description","Redirected (301)","0","0","Redirect Router / vercel.json","Legacy / 404 Resolution -> https://www.chennairents.in/chennai/medavakkam/","Low (Unique Content)","false","false"
"https://www.chennairents.in/flats-for-rent-in-vadapalani-chennai","https://www.chennairents.in/chennai/valasaravakkam/","301","22","301 Permanent Redirect","","https://www.chennairents.in/chennai/valasaravakkam/","noindex, follow","","","0","","og:title, og:description, og:url, og:image","twitter:card, twitter:title, twitter:description","Redirected (301)","0","0","Redirect Router / vercel.json","Legacy / 404 Resolution -> https://www.chennairents.in/chennai/valasaravakkam/","Low (Unique Content)","false","false"
"https://www.chennairents.in/flats-for-rent-in-virugambakkam-chennai","https://www.chennairents.in/chennai/valasaravakkam/","301","38","301 Permanent Redirect","","https://www.chennairents.in/chennai/valasaravakkam/","noindex, follow","","","0","","og:title, og:description, og:url, og:image","twitter:card, twitter:title, twitter:description","Redirected (301)","0","0","Redirect Router / vercel.json","Legacy / 404 Resolution -> https://www.chennairents.in/chennai/valasaravakkam/","Low (Unique Content)","false","false"
"https://www.chennairents.in/rent/rent-in-valasaravakkam","https://www.chennairents.in/chennai/valasaravakkam/","301","32","301 Permanent Redirect","","https://www.chennairents.in/chennai/valasaravakkam/","noindex, follow","","","0","","og:title, og:description, og:url, og:image","twitter:card, twitter:title, twitter:description","Redirected (301)","0","0","Redirect Router / vercel.json","Legacy / 404 Resolution -> https://www.chennairents.in/chennai/valasaravakkam/","Low (Unique Content)","false","false"
"https://www.chennairents.in/rent/rent-in-velachery","https://www.chennairents.in/chennai/velachery/","301","32","301 Permanent Redirect","","https://www.chennairents.in/chennai/velachery/","noindex, follow","","","0","","og:title, og:description, og:url, og:image","twitter:card, twitter:title, twitter:description","Redirected (301)","0","0","Redirect Router / vercel.json","Legacy / 404 Resolution -> https://www.chennairents.in/chennai/velachery/","Low (Unique Content)","false","false"